<?xml version="1.0" encoding="UTF-8"?>
<!--

       Copyright 2010-2020 the original author or authors.

       Licensed under the Apache License, Version 2.0 (the "License");
       you may not use this file except in compliance with the License.
       You may obtain a copy of the License at

          http://www.apache.org/licenses/LICENSE-2.0

       Unless required by applicable law or agreed to in writing, software
       distributed under the License is distributed on an "AS IS" BASIS,
       WITHOUT WARRANTIES OR CONDITIONS OF ANY KIND, either express or implied.
       See the License for the specific language governing permissions and
       limitations under the License.

-->
<!DOCTYPE mapper PUBLIC "-//mybatis.org//DTD Mapper 3.0//EN"
"http://mybatis.org/dtd/mybatis-3-mapper.dtd">

<mapper namespace="org.mybatis.jpetstore.mapper.ItemMapper">

  <cache />

  <select id="getItemListByProduct" resultType="Item">
    SELECT
      I.ITEMID,
      LISTPRICE,
      UNITCOST,
      SUPPLIER AS supplierId,
      I.PRODUCTID AS "product.productId",
      NAME AS "product.name",
      DESCN AS "product.description",
      CATEGORY AS "product.categoryId",
      STATUS,
      ATTR1 AS attribute1,
      ATTR2 AS attribute2,
      ATTR3 AS attribute3,
      ATTR4 AS attribute4,
      ATTR5 AS attribute5
    FROM ITEM I, PRODUCT P
    WHERE P.PRODUCTID = I.PRODUCTID
    AND I.PRODUCTID = #{value}
  </select>

  <select id="getItem" resultType="Item">
    select
      I.ITEMID,
      LISTPRICE,
      UNITCOST,
      SUPPLIER AS supplierId,
      I.PRODUCTID AS "product.productId",
      NAME AS "product.name",
      DESCN AS "product.description",
      CATEGORY AS "product.categoryId",
      STATUS,
      ATTR1 AS attribute1,
      ATTR2 AS attribute2,
      ATTR3 AS attribute3,
      ATTR4 AS attribute4,
      ATTR5 AS attribute5,
      QTY AS quantity
    from ITEM I, INVENTORY V, PRODUCT P
    where P.PRODUCTID = I.PRODUCTID
      and I.ITEMID = V.ITEMID
      and I.ITEMID = #{value}
  </select>

  <select id="getInventoryQuantity" resultType="int">
    SELECT QTY AS value1
    FROM INVENTORY
    WHERE ITEMID = #{itemId}
  </select>

  <update id="updateInventoryQuantity">
    UPDATE INVENTORY SET
      QTY = QTY - #{increment}
    WHERE ITEMID = #{itemId}
  </update>

</mapper>
