<?xml version="1.0" encoding="UTF-8"?>
<!--

       Copyright 2010-2020 the original author or authors.

       Licensed under the Apache License, Version 2.0 (the "License");
       you may not use this file except in compliance with the License.
       You may obtain a copy of the License at

          http://www.apache.org/licenses/LICENSE-2.0

       Unless required by applicable law or agreed to in writing, software
       distributed under the License is distributed on an "AS IS" BASIS,
       WITHOUT WARRANTIES OR CONDITIONS OF ANY KIND, either express or implied.
       See the License for the specific language governing permissions and
       limitations under the License.

-->
<!DOCTYPE mapper PUBLIC "-//mybatis.org//DTD Mapper 3.0//EN"
"http://mybatis.org/dtd/mybatis-3-mapper.dtd">

<mapper namespace="org.mybatis.jpetstore.mapper.OrderMapper">

  <cache />

  <select id="getOrder" resultType="Order">
    select
      BILLADDR1 AS billAddress1,
      BILLADDR2 AS billAddress2,
      BILLCITY,
      BILLCOUNTRY,
      BILLSTATE,
      BILLTOFIRSTNAME,
      BILLTOLASTNAME,
      BILLZIP,
      SHIPADDR1 AS shipAddress1,
      SHIPADDR2 AS shipAddress2,
      SHIPCITY,
      SHIPCOUNTRY,
      SHIPSTATE,
      SHIPTOFIRSTNAME,
      SHIPTOLASTNAME,
      SHIPZIP,
      CARDTYPE,
      COURIER,
      CREDITCARD,
      EXPRDATE AS expiryDate,
      LOCALE,
      ORDERDATE,
      ORDERS.ORDERID,
      TOTALPRICE,
      USERID AS username,
      STATUS
    FROM ORDERS, ORDERSTATUS
    WHERE ORDERS.ORDERID = #{value}
      AND ORDERS.ORDERID = ORDERSTATUS.ORDERID
  </select>

  <select id="getOrdersByUsername" resultType="Order">
    SELECT
      BILLADDR1 AS billAddress1,
      BILLADDR2 AS billAddress2,
      BILLCITY,
      BILLCOUNTRY,
      BILLSTATE,
      BILLTOFIRSTNAME,
      BILLTOLASTNAME,
      BILLZIP,
      SHIPADDR1 AS shipAddress1,
      SHIPADDR2 AS shipAddress2,
      SHIPCITY,
      SHIPCOUNTRY,
      SHIPSTATE,
      SHIPTOFIRSTNAME,
      SHIPTOLASTNAME,
      SHIPZIP,
      CARDTYPE,
      COURIER,
      CREDITCARD,
      EXPRDATE AS expiryDate,
      LOCALE,
      ORDERDATE,
      ORDERS.ORDERID,
      TOTALPRICE,
      USERID AS username,
      STATUS
    FROM ORDERS, ORDERSTATUS
    WHERE ORDERS.USERID = #{value}
      AND ORDERS.ORDERID = ORDERSTATUS.ORDERID
    ORDER BY ORDERDATE
  </select>

  <insert id="insertOrder">
    INSERT INTO ORDERS (ORDERID, USERID, ORDERDATE, SHIPADDR1, SHIPADDR2, SHIPCITY, SHIPSTATE,
      SHIPZIP, SHIPCOUNTRY, BILLADDR1, BILLADDR2, BILLCITY, BILLSTATE, BILLZIP, BILLCOUNTRY,
      COURIER, TOTALPRICE, BILLTOFIRSTNAME, BILLTOLASTNAME, SHIPTOFIRSTNAME, SHIPTOLASTNAME,
      CREDITCARD, EXPRDATE, CARDTYPE, LOCALE)
    VALUES(#{orderId}, #{username}, #{orderDate}, #{shipAddress1}, #{shipAddress2,jdbcType=VARCHAR}, #{shipCity},
      #{shipState}, #{shipZip}, #{shipCountry}, #{billAddress1}, #{billAddress2,jdbcType=VARCHAR}, #{billCity},
      #{billState}, #{billZip}, #{billCountry}, #{courier}, #{totalPrice}, #{billToFirstName}, #{billToLastName},
      #{shipToFirstName}, #{shipToLastName}, #{creditCard}, #{expiryDate}, #{cardType}, #{locale})
  </insert>

  <insert id="insertOrderStatus">
    INSERT INTO ORDERSTATUS (ORDERID, LINENUM, TIMESTAMP, STATUS)
    VALUES (#{orderId,jdbcType=NUMERIC}, #{orderId,jdbcType=NUMERIC}, #{orderDate,jdbcType=TIMESTAMP}, #{status,jdbcType=VARCHAR})
  </insert>

</mapper>
