<?xml version="1.0" encoding="UTF-8" ?>
<!-- Copyright 2015-2021 the original author or authors. Licensed under the 
	Apache License, Version 2.0 (the "License"); you may not use this file except 
	in compliance with the License. You may obtain a copy of the License at http://www.apache.org/licenses/LICENSE-2.0 
	Unless required by applicable law or agreed to in writing, software distributed 
	under the License is distributed on an "AS IS" BASIS, WITHOUT WARRANTIES 
	OR CONDITIONS OF ANY KIND, either express or implied. See the License for 
	the specific language governing permissions and limitations under the License. -->
<!DOCTYPE mapper
        PUBLIC "-//mybatis.org//DTD Mapper 3.0//EN"
        "http://mybatis.org/dtd/mybatis-3-mapper.dtd">
<mapper namespace="sample.mybatis.annotation.mapper.ds2.SecondaryHotelMapper">

	<select id="selectByCityId" resultType="Hotel">
		select city, name, address, zip from hotel where city = #{id}
	</select>

	<select id="selectByCityZipCode" resultType="Hotel">
		select city, name, address, zip from hotel
		<where>
			<if test="zip != null and zip !=''">
				zip = #{zip}
			</if>
		</where>
	</select>

</mapper>