<?xml version="1.0" encoding="UTF-8"?> <project xmlns="http://maven.apache.org/POM/4.0.0"
         xmlns:xsi="http://www.w3.org/2001/XMLSchema-instance"
         xsi:schemaLocation="http://maven.apache.org/POM/4.0.0 https://maven.apache.org/xsd/maven-4.0.0.xsd">
    <modelVersion>4.0.0</modelVersion>

    <groupId>com.utils</groupId>
    <artifactId>code-formatter</artifactId>
    <version>0.0.1-SNAPSHOT</version>

    <properties>
        <java.version>11</java.version>
        <spotless.version>2.27.2</spotless.version>
        <google.formatter.version>1.7</google.formatter.version>
        <git.branch>NONE</git.branch>
    </properties>

    <build>
        <plugins>
            <plugin>
                <groupId>com.diffplug.spotless</groupId>
                <artifactId>spotless-maven-plugin</artifactId>
                <version>${spotless.version}</version>
                <configuration>
                    <ratchetFrom>${git.branch}</ratchetFrom>
                    <formats>
                        <format>
                            <includes>
                                <include>*.md</include>
                                <include>*.xml</include>
                                <include>**/*.json</include>
                                <include>.gitignore</include>
                            </includes>
                            <!-- define the steps to apply to those files -->
                            <trimTrailingWhitespace />
                            <endWithNewline />
                            <indent>
                                <spaces>true</spaces>
                                <spacesPerTab>4</spacesPerTab>
                            </indent>
                        </format>
                    </formats>
                    <java>
                        <includes>
                            <include>src/main/java/**/*.java</include>
                            <include>src/test/java/**/*.java</include>
                        </includes>
                        <excludes></excludes>
                        <googleJavaFormat>
                            <version>${google.formatter.version}</version>
                            <style>AOSP</style>
                        </googleJavaFormat>
                        <toggleOffOn>
                            <off>formatter:off</off>
                            <on>formatter:on</on>
                        </toggleOffOn>
                        <importOrder>
                            <order>java,javax,com,org,lombok</order>
                        </importOrder>
                        <endWithNewline />
                    </java>
                </configuration>
            </plugin>
        </plugins>
    </build>

</project>
